misc,score,cat,val,std,n
rural,-5.836730876,all,all,24.74547728,6627
rural,-4.248181431,age,18-29,24.86770126,1641
rural,-5.697776486,age,30-39,24.75285499,2776
rural,-6.978613537,age,40-49,24.71211067,1228
rural,-7.885548072,age,50-59,24.50027449,630
rural,-6.758694823,age,60-69,23.9873417,263
rural,-6.528691559,age,70+,25.87077469,61
rural,-12.49356715,education,Some High School or Less,22.81921027,34
rural,-9.729776624,education,High School Diploma,23.65225104,511
rural,-7.597394403,education,Some College,24.44242506,1437
rural,-4.938887122,education,Bachelor's Degree,24.81762088,3395
rural,-1.352193196,education,Graduate Degree,25.16625403,1178
rural,-6.431093394,ethnicity,Hispanic/Latino/Spanish Origin,25.29013007,793
rural,-7.739887012,ethnicity,Not Hispanic/Latino/Spanish Origin,24.61176364,5704
rural,-6.502387171,gender,Female,24.62086388,2588
rural,-5.366989407,gender,Male,24.82721973,3967
rural,-7.791535277,gender,Other,24.3931911,72
rural,-1.779108267,race,American Indian or Alaska Native,24.72309635,71
rural,-4.409383467,race,Asian,24.73779874,838
rural,-3.128623409,race,Black,25.04072107,593
rural,4.864583333,race,Native Hawaiian or Pacific Islander,23.08177924,14
rural,-6.424235839,race,Other,24.96708262,174
rural,-6.472280521,race,White,24.675794,4937
rural,-12.19081244,covid,Strongly Disagree,22.62589393,355
rural,-9.906086825,covid,Disagree,23.5704859,592
rural,-4.375008774,covid,Neutral,24.9259222,720
rural,-5.545301618,covid,Agree,24.77076845,2512
rural,-4.640765227,covid,Strongly Agree,25.01819946,2362
