misc,score,cat,val,std,n
rural,-1.494178693,all,all,24.01330062,6597
rural,-0.644389477,age,18-29,24.02953806,1583
rural,-1.698383259,age,30-39,24.18687588,2728
rural,-1.716800337,age,40-49,23.74222124,1258
rural,-0.750344354,age,50-59,23.78382425,668
rural,-3.066555681,age,60-69,24.13685092,276
rural,-8.163069376,age,70+,22.87811731,62
rural,-4.836084426,education,Some High School or Less,25.3571826,36
rural,-5.072117892,education,High School Diploma,23.73232907,550
rural,-4.32439984,education,Some College,23.47977684,1405
rural,-0.41440475,education,Bachelor's Degree,24.15496411,3365
rural,0.526630659,education,Graduate Degree,23.92403055,1189
rural,0.044156545,ethnicity,Hispanic/Latino/Spanish Origin,24.65080703,848
rural,-1.812486907,ethnicity,Not Hispanic/Latino/Spanish Origin,23.88689964,5610
rural,-0.259805687,gender,Female,23.86120736,2606
rural,-2.265384648,gender,Male,24.07235259,3940
rural,-4.988778575,gender,Other,24.83197834,51
rural,0.2584469,race,American Indian or Alaska Native,24.76187659,75
rural,3.954369809,race,Asian,23.31554153,816
rural,1.799640202,race,Black,24.45877925,617
rural,2.438596126,race,Native Hawaiian or Pacific Islander,25.23300306,13
rural,0.724576065,race,Other,23.2618121,170
rural,-2.928761477,race,White,23.91458968,4906
rural,-5.013514416,covid,Strongly Disagree,23.82029944,328
rural,-7.972343908,covid,Disagree,22.26077528,587
rural,-2.409614877,covid,Neutral,23.7820035,698
rural,-0.666041499,covid,Agree,24.05440723,2594
rural,0.0831617,covid,Strongly Agree,24.18066248,2297
