misc,score,cat,val,std,n
rural,-7.311207267,all,all,24.47526425,6761
rural,-6.018128403,age,18-29,24.847662,1687
rural,-7.299101581,age,30-39,24.48949368,2789
rural,-8.363552175,age,40-49,23.98704772,1285
rural,-8.142511526,age,50-59,24.39976295,619
rural,-8.957929906,age,60-69,24.09439721,297
rural,-2.438811946,age,70+,25.88217938,60
rural,-10.43283553,education,Some High School or Less,24.35986296,45
rural,-10.89479051,education,High School Diploma,23.22066159,550
rural,-9.049028357,education,Some College,23.77867785,1445
rural,-6.645587558,education,Bachelor's Degree,24.59999582,3436
rural,-5.353939098,education,Graduate Degree,25.22847439,1216
rural,-4.476449168,ethnicity,Hispanic/Latino/Spanish Origin,24.8894053,822
rural,-7.739887012,ethnicity,Not Hispanic/Latino/Spanish Origin,24.38534696,5796
rural,-7.737530612,gender,Female,24.37716256,2659
rural,-7.038182912,gender,Male,24.5395693,4036
rural,-6.831397043,gender,Other,24.60669596,66
rural,-2.651487343,race,American Indian or Alaska Native,26.00347435,70
rural,-8.319570015,race,Asian,24.13551853,791
rural,-5.156738378,race,Black,24.78210279,620
rural,-12.73167231,race,Native Hawaiian or Pacific Islander,23.26245569,23
rural,-10.14564771,race,Other,22.72103888,203
rural,-7.34371104,race,White,24.52311651,5054
rural,-11.49487163,covid,Strongly Disagree,24.13438628,329
rural,-9.93177823,covid,Disagree,23.37920472,634
rural,-7.634113096,covid,Neutral,24.29308471,700
rural,-6.490528001,covid,Agree,24.600553,2635
rural,-6.891880902,covid,Strongly Agree,24.58228385,2371
