misc,score,cat,val,std,n
rural,-2.490078407,all,all,25.07482639,6735
rural,-2.169254495,age,18-29,25.08346163,1678
rural,-1.748871916,age,30-39,25.16072996,2796
rural,-3.030004373,age,40-49,24.91769347,1296
rural,-4.883743416,age,50-59,24.9838778,610
rural,-3.160607341,age,60-69,24.81859672,258
rural,-5.743935544,age,70+,25.08329037,74
rural,-8.063941425,education,Some High School or Less,24.41139019,32
rural,-5.89819821,education,High School Diploma,24.64223061,574
rural,-4.641275495,education,Some College,24.7896746,1395
rural,-1.630821751,education,Bachelor's Degree,25.07538831,3488
rural,-1.067483706,education,Graduate Degree,25.27801698,1181
rural,-0.175618042,ethnicity,Hispanic/Latino/Spanish Origin,25.39820457,836
rural,-2.8174943,ethnicity,Not Hispanic/Latino/Spanish Origin,24.99914813,5768
rural,-2.555167648,gender,Female,25.02164116,2673
rural,-2.416884479,gender,Male,25.11674172,3990
rural,-4.129803834,gender,Other,25.00688657,72
rural,1.44656762,race,American Indian or Alaska Native,25.14639818,80
rural,-0.192417472,race,Asian,24.72321854,765
rural,1.029203492,race,Black,25.18293562,639
rural,-2.798000565,race,Native Hawaiian or Pacific Islander,25.30249381,16
rural,-4.181110156,race,Other,24.48400192,186
rural,-3.282711556,race,White,25.07923907,5049
rural,-7.16794627,covid,Strongly Disagree,24.16029504,329
rural,-5.052558634,covid,Disagree,24.29714714,633
rural,-1.796316483,covid,Neutral,25.54339222,711
rural,-2.309994817,covid,Agree,25.15152154,2686
rural,-1.343750709,covid,Strongly Agree,25.12455468,2280
