misc,score,cat,val,std,n
rural,7.80685688,all,all,23.71954721,6747
rural,8.401246411,age,18-29,23.43107195,1689
rural,7.326090428,age,30-39,23.8421702,2805
rural,8.200969257,age,40-49,23.92476815,1251
rural,8.830497596,age,50-59,23.29400602,652
rural,4.917896072,age,60-69,24.29316156,270
rural,8.297464862,age,70+,23.39097459,56
rural,9.806737379,education,Some High School or Less,23.17894671,42
rural,8.334870233,education,High School Diploma,23.39044653,546
rural,6.799537614,education,Some College,23.91619308,1472
rural,7.982541133,education,Bachelor's Degree,23.68897767,3405
rural,8.233896965,education,Graduate Degree,23.7902189,1213
rural,7.373281704,ethnicity,Hispanic/Latino/Spanish Origin,24.1081377,799
rural,7.861061396,ethnicity,Not Hispanic/Latino/Spanish Origin,23.65691636,5818
rural,7.712508583,gender,Female,23.65775625,2642
rural,7.849271772,gender,Male,23.77182544,4037
rural,8.954493371,gender,Other,23.31205803,68
rural,11.44565093,race,American Indian or Alaska Native,22.56990401,92
rural,9.027365463,race,Asian,23.20822454,862
rural,8.349136897,race,Black,24.25324822,611
rural,-3.457118174,race,Native Hawaiian or Pacific Islander,26.02044044,12
rural,7.813886974,race,Other,23.7977513,186
rural,7.488975573,race,White,23.7450986,4984
rural,5.72294776,covid,Strongly Disagree,24.61938117,331
rural,5.892727315,covid,Disagree,24.25808409,639
rural,7.718302517,covid,Neutral,23.33611714,694
rural,7.786693042,covid,Agree,23.79199018,2642
rural,8.530594388,covid,Strongly Agree,23.4986213,2353
