misc,score,cat,val,std,n
suburban,-2.608268919,all,all,24.81461382,8544
suburban,-3.533528301,age,18-29,24.50544501,2174
suburban,-2.411350342,age,30-39,24.87472317,3506
suburban,-2.182041227,age,40-49,24.9046832,1656
suburban,-3.048642742,age,50-59,25.13414867,781
suburban,0.572456808,age,60-69,24.93932723,340
suburban,-2.038372124,age,70+,24.59860515,60
suburban,-4.479036149,education,Some High School or Less,24.3240485,66
suburban,-3.629725385,education,High School Diploma,24.71627955,699
suburban,-1.516940483,education,Some College,24.87393267,1836
suburban,-2.97227552,education,Bachelor's Degree,24.83108063,4343
suburban,-2.084550811,education,Graduate Degree,24.78772167,1524
suburban,-3.392592318,ethnicity,Hispanic/Latino/Spanish Origin,24.69793752,1007
suburban,-2.524249312,ethnicity,Not Hispanic/Latino/Spanish Origin,24.81844065,7366
suburban,-2.429630963,gender,Female,24.7680094,3374
suburban,-2.650651191,gender,Male,24.8470445,5092
suburban,-7.568703884,gender,Other,24.49601624,78
suburban,-9.659184914,race,American Indian or Alaska Native,23.61744473,104
suburban,-2.417042837,race,Asian,24.70795606,1036
suburban,-2.415088953,race,Black,25.44227424,790
suburban,-12.83628547,race,Native Hawaiian or Pacific Islander,21.20072561,15
suburban,-4.353395369,race,Other,24.66641128,253
suburban,-2.454233288,race,White,24.77036118,6346
suburban,-2.541796277,covid,Strongly Disagree,25.34571624,420
suburban,-1.852697358,covid,Disagree,24.55158517,824
suburban,-3.254072779,covid,Neutral,24.64117284,944
suburban,-2.124137962,covid,Agree,24.92731735,3278
suburban,-3.051066731,covid,Strongly Agree,24.74761362,2978
