misc,score,cat,val,std,n
suburban,3.35052815,all,all,25.14329855,8488
suburban,3.101503254,age,18-29,25.16524251,2119
suburban,3.063826561,age,30-39,25.12460239,3524
suburban,4.470162218,age,40-49,25.07931651,1631
suburban,2.897134252,age,50-59,25.29654462,760
suburban,2.441347889,age,60-69,25.21201664,346
suburban,3.840412694,age,70+,25.18086591,74
suburban,1.283848923,education,Some High School or Less,25.54579992,54
suburban,3.427844962,education,High School Diploma,25.26749375,696
suburban,4.04587318,education,Some College,24.98054463,1805
suburban,3.281565566,education,Bachelor's Degree,25.09770833,4351
suburban,2.815538346,education,Graduate Degree,25.39055196,1509
suburban,1.766742393,ethnicity,Hispanic/Latino/Spanish Origin,25.18476503,986
suburban,3.597425019,ethnicity,Not Hispanic/Latino/Spanish Origin,25.12525297,7332
suburban,3.633929141,gender,Female,25.24367245,3355
suburban,3.184847224,gender,Male,25.07952984,5037
suburban,2.139325056,gender,Other,25.11845056,96
suburban,1.696109694,race,American Indian or Alaska Native,25.24655361,109
suburban,4.127995829,race,Asian,25.1935656,1055
suburban,1.962340528,race,Black,25.42617066,765
suburban,6.619664692,race,Native Hawaiian or Pacific Islander,26.91472637,19
suburban,6.176365678,race,Other,24.77959291,223
suburban,3.307753317,race,White,25.10223578,6317
suburban,4.291876255,covid,Strongly Disagree,25.4327907,457
suburban,5.365801221,covid,Disagree,24.60442763,811
suburban,3.722726949,covid,Neutral,25.21498578,959
suburban,2.357161661,covid,Agree,25.15326033,3552
suburban,3.621427143,covid,Strongly Agree,25.16383775,3076
