misc,score,cat,val,std,n
suburban,2.677987976,all,all,25.11166044,8582
suburban,2.762378758,age,18-29,25.03718521,2144
suburban,2.601421001,age,30-39,25.10321224,3621
suburban,2.176744949,age,40-49,25.28587277,1588
suburban,4.086814269,age,50-59,25.03673216,792
suburban,1.257913598,age,60-69,24.92067462,339
suburban,4.059770469,age,70+,26.14681281,73
suburban,3.931732379,education,Some High School or Less,25.17176025,41
suburban,3.979637294,education,High School Diploma,24.92970548,748
suburban,4.075681964,education,Some College,25.06501889,1852
suburban,1.912537724,education,Bachelor's Degree,25.13688275,4324
suburban,2.488216955,education,Graduate Degree,25.1340888,1545
suburban,1.281236519,ethnicity,Hispanic/Latino/Spanish Origin,25.25554631,999
suburban,2.914563694,ethnicity,Not Hispanic/Latino/Spanish Origin,25.08774022,7389
suburban,2.773078323,gender,Female,25.19122836,3429
suburban,2.615326636,gender,Male,25.05717229,5074
suburban,2.575188437,gender,Other,25.45556852,79
suburban,-1.077133512,race,American Indian or Alaska Native,24.56421602,97
suburban,2.569011961,race,Asian,24.79074253,1104
suburban,2.445428924,race,Black,25.09018199,816
suburban,2.047997835,race,Native Hawaiian or Pacific Islander,25.23292346,20
suburban,2.743275481,race,Other,25.51866562,208
suburban,2.784244011,race,White,25.16947779,6337
suburban,4.978783753,covid,Strongly Disagree,24.76653182,450
suburban,4.025360065,covid,Disagree,24.97286042,744
suburban,3.378231505,covid,Neutral,25.07848073,895
suburban,2.362135302,covid,Agree,25.14152579,3365
suburban,2.157028396,covid,Strongly Agree,25.15509482,3034
