misc,score,cat,val,std,n
suburban,1.448084948,all,all,23.81260335,8506
suburban,1.007953335,age,18-29,23.77074834,2107
suburban,1.850966672,age,30-39,23.93599733,3558
suburban,1.737984195,age,40-49,23.63101904,1615
suburban,0.164468052,age,50-59,23.78274664,776
suburban,1.074154435,age,60-69,23.68457983,344
suburban,3.727257039,age,70+,23.08571407,72
suburban,2.625599551,education,Some High School or Less,23.79587985,57
suburban,2.356332422,education,High School Diploma,23.7935864,695
suburban,2.179523909,education,Some College,23.26186278,1771
suburban,1.017087219,education,Bachelor's Degree,24.06360939,4382
suburban,1.377654126,education,Graduate Degree,23.7678389,1528
suburban,1.437025952,ethnicity,Hispanic/Latino/Spanish Origin,24.44165317,1073
suburban,1.469164588,ethnicity,Not Hispanic/Latino/Spanish Origin,23.70422534,7248
suburban,0.887280628,gender,Female,23.66890465,3352
suburban,1.76134319,gender,Male,23.90142472,5078
suburban,5.251910328,gender,Other,23.76480319,76
suburban,-2.787496256,race,American Indian or Alaska Native,24.95319809,102
suburban,0.109187682,race,Asian,23.47674381,1040
suburban,-0.663876173,race,Black,24.24224387,801
suburban,-3.862076051,race,Native Hawaiian or Pacific Islander,23.89615999,21
suburban,3.240294097,race,Other,23.46483232,242
suburban,1.955063053,race,White,23.78201385,6300
suburban,2.625519419,covid,Strongly Disagree,23.97443635,445
suburban,2.306625862,covid,Disagree,23.37782502,773
suburban,2.471472365,covid,Neutral,23.42618422,873
suburban,1.172096544,covid,Agree,24.00449308,3297
suburban,1.063817557,covid,Strongly Agree,23.78672728,3009
