misc,score,cat,val,std,n
suburban,2.168424978,all,all,24.94218566,8421
suburban,1.896466543,age,18-29,25.07357227,2132
suburban,1.584571001,age,30-39,24.94402307,3542
suburban,2.619527945,age,40-49,24.86619429,1548
suburban,4.599866329,age,50-59,24.69846929,783
suburban,0.908361187,age,60-69,24.67029114,327
suburban,6.255488257,age,70+,25.54197837,60
suburban,2.412373146,education,Some High School or Less,25.44620683,45
suburban,4.046121379,education,High School Diploma,24.63443865,670
suburban,3.163524669,education,Some College,24.79734442,1834
suburban,2.185495052,education,Bachelor's Degree,24.92041537,4283
suburban,0.196872322,education,Graduate Degree,25.13358538,1520
suburban,1.340767303,ethnicity,Hispanic/Latino/Spanish Origin,25.23366971,1005
suburban,2.285087521,ethnicity,Not Hispanic/Latino/Spanish Origin,24.87637439,7220
suburban,1.675959577,gender,Female,24.95516839,3337
suburban,2.536244739,gender,Male,24.91139952,5008
suburban,-0.445842421,gender,Other,26.1839869,76
suburban,2.290322144,race,American Indian or Alaska Native,24.73752424,102
suburban,0.305363027,race,Asian,24.89141783,1055
suburban,1.268078989,race,Black,25.44115567,765
suburban,6.929079759,race,Native Hawaiian or Pacific Islander,23.54634768,22
suburban,1.784085408,race,Other,24.97155754,234
suburban,2.589226288,race,White,24.88674058,6243
suburban,3.971105021,covid,Strongly Disagree,24.42949438,442
suburban,4.121549062,covid,Disagree,24.45335259,740
suburban,2.067046368,covid,Neutral,25.16189263,920
suburban,2.133604652,covid,Agree,24.97440308,3256
suburban,1.415418926,covid,Strongly Agree,25.00790499,2970
