misc,score,cat,val,std,n
urban,-3.367070774,all,all,24.83810811,9025
urban,-2.891077148,age,18-29,24.66271801,2251
urban,-3.222885519,age,30-39,24.84329883,3753
urban,-3.839371617,age,40-49,24.99928187,1731
urban,-4.0729728,age,50-59,24.88199143,829
urban,-4.252701827,age,60-69,24.94957312,358
urban,-4.504680327,age,70+,25.19790664,76
urban,-1.875267485,education,Some High School or Less,24.35138809,62
urban,-2.667100799,education,High School Diploma,24.95194678,755
urban,-3.715955062,education,Some College,24.56563258,1944
urban,-3.153327436,education,Bachelor's Degree,24.89978214,4526
urban,-4.11035702,education,Graduate Degree,24.94209323,1657
urban,-2.375155103,ethnicity,Hispanic/Latino/Spanish Origin,24.98889904,1042
urban,-3.477073375,ethnicity,Not Hispanic/Latino/Spanish Origin,24.8113094,7806
urban,-3.424879867,gender,Female,24.73349744,3556
urban,-3.381742755,gender,Male,24.90128014,5379
urban,-0.206073848,gender,Other,25.25494138,90
urban,-0.515368668,race,American Indian or Alaska Native,25.84368931,94
urban,-4.797756955,race,Asian,24.68601962,1100
urban,-3.815295545,race,Black,25.2273359,837
urban,15.60198001,race,Native Hawaiian or Pacific Islander,21.69371377,15
urban,-1.424995744,race,Other,25.29148893,247
urban,-3.230910548,race,White,24.76967978,6732
urban,-1.918193207,covid,Strongly Disagree,25.32083238,431
urban,-2.681233691,covid,Disagree,24.78583443,835
urban,-2.345643988,covid,Neutral,24.80102545,974
urban,-3.842326024,covid,Agree,24.84618596,3542
urban,-3.499971924,covid,Strongly Agree,24.77887714,3139
