misc,score,cat,val,std,n
urban,1.715388778,all,all,25.25903637,9151
urban,0.459362975,age,18-29,25.18392053,2283
urban,1.644122868,age,30-39,25.27574589,3891
urban,3.014779743,age,40-49,25.24849702,1696
urban,2.111144371,age,50-59,25.33730305,820
urban,3.774033599,age,60-69,24.94883157,358
urban,1.415096401,age,70+,26.33647894,72
urban,5.379188891,education,Some High School or Less,25.32697543,49
urban,2.628652383,education,High School Diploma,25.21132274,759
urban,1.737644539,education,Some College,25.35196749,1939
urban,1.803035999,education,Bachelor's Degree,25.16420953,4713
urban,0.686331788,education,Graduate Degree,25.43274824,1607
urban,-0.191573873,ethnicity,Hispanic/Latino/Spanish Origin,25.45984454,1084
urban,1.925415734,ethnicity,Not Hispanic/Latino/Spanish Origin,25.22258234,7867
urban,2.019115153,gender,Female,25.39683741,3625
urban,1.477921435,gender,Male,25.17166507,5427
urban,3.611622762,gender,Other,25.03393935,99
urban,2.508680843,race,American Indian or Alaska Native,24.50720454,92
urban,0.730335154,race,Asian,25.0014498,1176
urban,-0.163589639,race,Black,25.03212683,857
urban,-4.194773976,race,Native Hawaiian or Pacific Islander,25.43917604,26
urban,2.338528786,race,Other,25.64030602,234
urban,2.114971126,race,White,25.31901181,6766
urban,4.547463455,covid,Strongly Disagree,24.9117548,459
urban,3.595909163,covid,Disagree,25.14831931,798
urban,0.134993725,covid,Neutral,25.40111719,937
urban,1.654553907,covid,Agree,25.21643388,3615
urban,1.364976302,covid,Strongly Agree,25.30044306,3236
