misc,score,cat,val,std,n
urban,-0.271767782,all,all,23.87206331,9053
urban,-0.493158684,age,18-29,23.81585665,2238
urban,-0.52012517,age,30-39,24.02069644,3754
urban,-0.381325663,age,40-49,23.77350371,1697
urban,0.426487237,age,50-59,23.6029609,876
urban,1.261535033,age,60-69,23.93306233,378
urban,2.971847431,age,70+,22.65744941,80
urban,0.400653523,education,Some High School or Less,25.30953375,61
urban,1.550489646,education,High School Diploma,23.67905478,743
urban,1.14573161,education,Some College,23.36796041,1934
urban,-0.66357621,education,Bachelor's Degree,24.10666704,4615
urban,-1.676623302,education,Graduate Degree,23.76378502,1629
urban,-1.447638494,ethnicity,Hispanic/Latino/Spanish Origin,24.30080048,1091
urban,-0.061882198,ethnicity,Not Hispanic/Latino/Spanish Origin,23.80982397,7764
urban,-0.63526301,gender,Female,23.77354131,3616
urban,-0.003450019,gender,Male,23.93723989,5358
urban,-1.831866805,gender,Other,23.96869866,79
urban,2.572243696,race,American Indian or Alaska Native,24.78016506,103
urban,-2.879587029,race,Asian,23.28757382,1160
urban,-0.693780803,race,Black,24.45724068,834
urban,2.470092371,race,Native Hawaiian or Pacific Islander,25.02666187,20
urban,-3.812307153,race,Other,23.58961592,238
urban,0.306301369,race,White,23.85514862,6698
urban,1.019435947,covid,Strongly Disagree,23.94269944,467
urban,3.456735183,covid,Disagree,23.4114034,838
urban,-0.505509235,covid,Neutral,23.58394935,941
urban,-0.605466324,covid,Agree,23.94365476,3529
urban,-1.07411319,covid,Strongly Agree,23.90089634,3158
