misc,score,cat,val,std,n
urban,2.289430624,all,all,25.22973992,9169
urban,1.59986471,age,18-29,25.216628,2238
urban,2.476112279,age,30-39,25.17971753,3861
urban,2.030746162,age,40-49,25.27921194,1702
urban,3.236479592,age,50-59,25.37225532,877
urban,4.740989067,age,60-69,25.11460221,383
urban,-1.767459265,age,70+,25.19867556,78
urban,6.782199271,education,Some High School or Less,24.93268306,59
urban,4.623531647,education,High School Diploma,24.95943792,780
urban,2.963575404,education,Some College,25.10773409,1948
urban,1.827845988,education,Bachelor's Degree,25.25140725,4681
urban,1.403937045,education,Graduate Degree,25.39296385,1611
urban,1.74561551,ethnicity,Hispanic/Latino/Spanish Origin,24.90348083,1110
urban,2.348077348,ethnicity,Not Hispanic/Latino/Spanish Origin,25.27189874,7872
urban,2.292741146,gender,Female,25.38221182,3656
urban,2.280765683,gender,Male,25.11955137,5421
urban,2.668445647,gender,Other,25.90111546,92
urban,0.006223568,race,American Indian or Alaska Native,25.2981644,124
urban,2.049488289,race,Asian,25.32760362,1074
urban,1.969787794,race,Black,25.39044062,824
urban,8.352741703,race,Native Hawaiian or Pacific Islander,25.34893761,26
urban,2.685972197,race,Other,25.00584494,244
urban,2.374474878,race,White,25.20524889,6682
urban,4.567143503,covid,Strongly Disagree,25.71421517,457
urban,2.445030775,covid,Disagree,25.02352632,811
urban,1.986241014,covid,Neutral,25.29062146,959
urban,2.628444869,covid,Agree,25.06406096,3552
urban,1.699840414,covid,Strongly Agree,25.34299464,3076
