misc,score,cat,val,std,n
urban,-0.165993834,all,all,25.07449873,8974
urban,-0.178907553,age,18-29,25.12569166,2254
urban,-0.192310966,age,30-39,25.02213303,3758
urban,-0.076640904,age,40-49,25.07681311,1672
urban,-0.747433196,age,50-59,25.14330988,833
urban,1.547470405,age,60-69,24.94003701,335
urban,0.565021987,age,70+,26.01103333,88
urban,2.820553472,education,Some High School or Less,24.87547555,53
urban,0.897160171,education,High School Diploma,24.89276984,752
urban,0.354225946,education,Some College,25.0207048,1899
urban,-0.8026599,education,Bachelor's Degree,25.07685353,4575
urban,0.596064679,education,Graduate Degree,25.16318684,1613
urban,-1.106593969,ethnicity,Hispanic/Latino/Spanish Origin,25.42877853,1085
urban,-0.032173063,ethnicity,Not Hispanic/Latino/Spanish Origin,25.00948245,7678
urban,0.350307479,gender,Female,25.07562349,3532
urban,-0.57161581,gender,Male,25.05884942,5350
urban,3.600325,gender,Other,25.53656155,92
urban,-2.817244099,race,American Indian or Alaska Native,24.94884787,124
urban,-0.162903751,race,Asian,24.91486306,1074
urban,-1.975414391,race,Black,25.26813541,824
urban,-4.141220987,race,Native Hawaiian or Pacific Islander,24.281323,26
urban,1.476272556,race,Other,25.15834755,244
urban,0.061339558,race,White,25.07279193,6682
urban,1.319531517,covid,Strongly Disagree,24.60465825,457
urban,0.182889408,covid,Disagree,24.86885595,811
urban,-0.651200876,covid,Neutral,25.4723781,959
urban,-0.209000751,covid,Agree,25.06565628,3552
urban,-0.37062503,covid,Strongly Agree,25.10269612,3076